query_id,condition,attached_files,predicted_label,defective,confidence_0_to_100,visible_evidence,exact_prompt,model_version,decoding_settings,run_date,raw_response
Q1,D1,../../data/MVTec/carpet/test/color/001.png,discoloration,true,79,"An irregular dark patch is visible near the lower center, contrasting with the surrounding weave.","Inspect the attached surface image. Is anything visibly abnormal? Do not assume a material name or use a list of allowed defects. If it looks normal, use defect_name ""good"" and is_defective false. If it looks defective, give a short free-form defect name and set is_defective true. Return only a JSON object with keys is_defective (true or false), defect_name, confidence (0 to 100), and evidence (one sentence about visible evidence).",GPT - 5.6 Terra,temperature = 0 & Reasoning = High,2026-10-05,"{""is_defective"":true,""defect_name"":""discoloration"",""confidence"":79,""evidence"":""An irregular dark patch is visible near the lower center, contrasting with the surrounding weave.""}"
Q2,D1,../../data/MVTec/grid/test/broken/001.png,broken and displaced surface pattern,true,98,"Several dark lines are visibly kinked and disconnected from the otherwise regular repeating pattern, especially near the upper center and lower edge.","Inspect the attached surface image. Is anything visibly abnormal? Do not assume a material name or use a list of allowed defects. If it looks normal, use defect_name ""good"" and is_defective false. If it looks defective, give a short free-form defect name and set is_defective true. Return only a JSON object with keys is_defective (true or false), defect_name, confidence (0 to 100), and evidence (one sentence about visible evidence).",GPT - 5.6 Terra,temperature = 0 & Reasoning = High,2026-10-05,"{""is_defective"":true,""defect_name"":""broken and displaced surface pattern"",""confidence"":98,""evidence"":""Several dark lines are visibly kinked and disconnected from the otherwise regular repeating pattern, especially near the upper center and lower edge.""}"
Q3,D1,../../data/MVTec/leather/test/cut/001.png,tear,true,91,A small jagged dark split with bright exposed edges interrupts the otherwise textured surface.,"Inspect the attached surface image. Is anything visibly abnormal? Do not assume a material name or use a list of allowed defects. If it looks normal, use defect_name ""good"" and is_defective false. If it looks defective, give a short free-form defect name and set is_defective true. Return only a JSON object with keys is_defective (true or false), defect_name, confidence (0 to 100), and evidence (one sentence about visible evidence).",GPT - 5.6 Terra,temperature = 0 & Reasoning = High,2026-10-05,"{""is_defective"":true,""defect_name"":""tear"",""confidence"":91,""evidence"":""A small jagged dark split with bright exposed edges interrupts the otherwise textured surface.""}"
Q4,D1,../../data/MVTec/tile/test/crack/001.png,crack,true,94,"A prominent dark, branching line runs down the center of the surface against the mottled background.","Inspect the attached surface image. Is anything visibly abnormal? Do not assume a material name or use a list of allowed defects. If it looks normal, use defect_name ""good"" and is_defective false. If it looks defective, give a short free-form defect name and set is_defective true. Return only a JSON object with keys is_defective (true or false), defect_name, confidence (0 to 100), and evidence (one sentence about visible evidence).",GPT - 5.6 Terra,temperature = 0 & Reasoning = High,2026-10-05,"{""is_defective"":true,""defect_name"":""crack"",""confidence"":94,""evidence"":""A prominent dark, branching line runs down the center of the surface against the mottled background.""}"
Q5,D1,../../data/MVTec/wood/test/scratch/001.png,crack,true,91,"A long, irregular vertical split with a lighter exposed edge runs through the surface near the center-right.","Inspect the attached surface image. Is anything visibly abnormal? Do not assume a material name or use a list of allowed defects. If it looks normal, use defect_name ""good"" and is_defective false. If it looks defective, give a short free-form defect name and set is_defective true. Return only a JSON object with keys is_defective (true or false), defect_name, confidence (0 to 100), and evidence (one sentence about visible evidence).",GPT - 5.6 Terra,temperature = 0 & Reasoning = High,2026-10-05,"{""is_defective"":true,""defect_name"":""crack"",""confidence"":91,""evidence"":""A long, irregular vertical split with a lighter exposed edge runs through the surface near the center-right.""}"
Q1,D2,../../data/MVTec/carpet/test/color/001.png,color,true,78,"A localized dark, irregular patch near the lower center has a noticeably different tone from the surrounding carpet.","Assess the attached carpet surface image. Choose exactly one label from the allowed labels below, or ""good"" if no defect is visible. Allowed labels and definitions:
- color: A localized region has an abnormal colour or tone.
- cut: A sharp incision or sliced region interrupts the texture.
- hole: Material is missing in a compact hole-like region.
- metal_contamination: A metallic foreign object lies on the surface.
- thread: A foreign thread lies across the regular texture.
Set is_defective to false only when defect_name is ""good""; otherwise set it to true. Return only a JSON object with keys is_defective (true or false), defect_name, confidence (0 to 100), and evidence (one sentence about visible evidence).",GPT - 5.6 Terra,temperature = 0 & Reasoning = High,2026-10-05,"{""is_defective"":true,""defect_name"":""color"",""confidence"":78,""evidence"":""A localized dark, irregular patch near the lower center has a noticeably different tone from the surrounding carpet.""}"
Q2,D2,../../data/MVTec/grid/test/broken/001.png,broken,true,92,Several grid strands end abruptly and leave visible gaps in the repeating pattern.,"Assess the attached grid surface image. Choose exactly one label from the allowed labels below, or ""good"" if no defect is visible. Allowed labels and definitions:
- bent: The regular grid lines are locally warped or displaced.
- broken: Part of the repeating grid is interrupted or missing.
- glue: A localized glue deposit changes the surface appearance.
- metal_contamination: A metallic foreign object lies on the surface.
- thread: A foreign thread lies across the regular texture.
Set is_defective to false only when defect_name is ""good""; otherwise set it to true. Return only a JSON object with keys is_defective (true or false), defect_name, confidence (0 to 100), and evidence (one sentence about visible evidence).",GPT - 5.6 Terra,temperature = 0 & Reasoning = High,2026-10-05,"{""is_defective"":true,""defect_name"":""broken"",""confidence"":92,""evidence"":""Several grid strands end abruptly and leave visible gaps in the repeating pattern.""}"
Q3,D2,../../data/MVTec/leather/test/cut/001.png,cut,true,86,"A narrow, dark diagonal incision with a small exposed light area interrupts the leather texture.","Assess the attached leather surface image. Choose exactly one label from the allowed labels below, or ""good"" if no defect is visible. Allowed labels and definitions:
- color: A localized region has an abnormal colour or tone.
- cut: A sharp incision or sliced region interrupts the texture.
- fold: The surface is creased or folded out of its normal plane.
- glue: A localized glue deposit changes the surface appearance.
- poke: A small puncture-like indentation or opening is visible.
Set is_defective to false only when defect_name is ""good""; otherwise set it to true. Return only a JSON object with keys is_defective (true or false), defect_name, confidence (0 to 100), and evidence (one sentence about visible evidence).",GPT - 5.6 Terra,temperature = 0 & Reasoning = High,2026-10-05,"{""is_defective"":true,""defect_name"":""cut"",""confidence"":86,""evidence"":""A narrow, dark diagonal incision with a small exposed light area interrupts the leather texture.""}"
Q4,D2,../../data/MVTec/tile/test/crack/001.png,crack,true,96,Several narrow dark fracture-like lines cross the tile and converge near the center.,"Assess the attached tile surface image. Choose exactly one label from the allowed labels below, or ""good"" if no defect is visible. Allowed labels and definitions:
- crack: A narrow fracture-like line crosses the material surface.
- glue_strip: An elongated strip of adhesive lies on the tile.
- gray_stroke: A grey linear mark appears across the tile.
- oil: An oily region changes colour or reflectance.
- rough: A localized patch is visibly rougher than normal.
Set is_defective to false only when defect_name is ""good""; otherwise set it to true. Return only a JSON object with keys is_defective (true or false), defect_name, confidence (0 to 100), and evidence (one sentence about visible evidence).",GPT - 5.6 Terra,temperature = 0 & Reasoning = High,2026-10-05,"{""is_defective"":true,""defect_name"":""crack"",""confidence"":96,""evidence"":""Several narrow dark fracture-like lines cross the tile and converge near the center.""}"
Q5,D2,../../data/MVTec/wood/test/scratch/001.png,scratch,true,76,"A thin, irregular pale line runs vertically across the wood surface near the center-right.","Assess the attached wood surface image. Choose exactly one label from the allowed labels below, or ""good"" if no defect is visible. Allowed labels and definitions:
- color: A localized region has an abnormal colour or tone.
- combined: More than one defect mechanism appears in the same image.
- hole: Material is missing in a compact hole-like region.
- liquid: A liquid stain changes colour or reflectance locally.
- scratch: A thin elongated abrasion crosses the surface.
Set is_defective to false only when defect_name is ""good""; otherwise set it to true. Return only a JSON object with keys is_defective (true or false), defect_name, confidence (0 to 100), and evidence (one sentence about visible evidence).",GPT - 5.6 Terra,temperature = 0 & Reasoning = High,2026-10-05,"{""is_defective"":true,""defect_name"":""scratch"",""confidence"":76,""evidence"":""A thin, irregular pale line runs vertically across the wood surface near the center-right.""}"
Q1,D3,../../data/MVTec/carpet/test/color/000.png;../../data/MVTec/carpet/test/cut/000.png;../../data/MVTec/carpet/test/hole/000.png;../../data/MVTec/carpet/test/metal_contamination/000.png;../../data/MVTec/carpet/test/thread/000.png;../../data/MVTec/carpet/test/color/001.png,color,true,84,A localized dark patch near the lower center contrasts with the surrounding carpet weave.,"Assess the attached carpet surface query. Choose exactly one label from the allowed labels below, or ""good"" if no defect is visible. Allowed labels and definitions:
- color: A localized region has an abnormal colour or tone.
- cut: A sharp incision or sliced region interrupts the texture.
- hole: Material is missing in a compact hole-like region.
- metal_contamination: A metallic foreign object lies on the surface.
- thread: A foreign thread lies across the regular texture.
Five labelled validation support images are attached first in this order: 1) color; 2) cut; 3) hole; 4) metal_contamination; 5) thread. The final attached image is the query. Use the support images as examples, but decide from visible evidence in the final query image. Set is_defective to false only when defect_name is ""good""; otherwise set it to true. Return only a JSON object with keys is_defective (true or false), defect_name, confidence (0 to 100), and evidence (one sentence about visible evidence).",GPT - 5.6 Terra,temperature = 0 & Reasoning = High,2026-10-05,"{""is_defective"":true,""defect_name"":""color"",""confidence"":84,""evidence"":""A localized dark patch near the lower center contrasts with the surrounding carpet weave.""}"
Q2,D3,../../data/MVTec/grid/test/bent/000.png;../../data/MVTec/grid/test/broken/000.png;../../data/MVTec/grid/test/glue/000.png;../../data/MVTec/grid/test/metal_contamination/000.png;../../data/MVTec/grid/test/thread/000.png;../../data/MVTec/grid/test/broken/001.png,bent,true,84,Several grid strands near the upper center and lower edge visibly kink and deviate from the surrounding regular pattern.,"Assess the attached grid surface query. Choose exactly one label from the allowed labels below, or ""good"" if no defect is visible. Allowed labels and definitions:
- bent: The regular grid lines are locally warped or displaced.
- broken: Part of the repeating grid is interrupted or missing.
- glue: A localized glue deposit changes the surface appearance.
- metal_contamination: A metallic foreign object lies on the surface.
- thread: A foreign thread lies across the regular texture.
Five labelled validation support images are attached first in this order: 1) bent; 2) broken; 3) glue; 4) metal_contamination; 5) thread. The final attached image is the query. Use the support images as examples, but decide from visible evidence in the final query image. Set is_defective to false only when defect_name is ""good""; otherwise set it to true. Return only a JSON object with keys is_defective (true or false), defect_name, confidence (0 to 100), and evidence (one sentence about visible evidence).",GPT - 5.6 Terra,temperature = 0 & Reasoning = High,2026-10-05,"{""is_defective"":true,""defect_name"":""bent"",""confidence"":84,""evidence"":""Several grid strands near the upper center and lower edge visibly kink and deviate from the surrounding regular pattern.""}"
Q3,D3,../../data/MVTec/leather/test/color/000.png;../../data/MVTec/leather/test/cut/000.png;../../data/MVTec/leather/test/fold/000.png;../../data/MVTec/leather/test/glue/000.png;../../data/MVTec/leather/test/poke/000.png;../../data/MVTec/leather/test/cut/001.png,cut,true,88,"A dark, elongated slit with a ragged bright edge interrupts the leather texture near the lower center.","Assess the attached leather surface query. Choose exactly one label from the allowed labels below, or ""good"" if no defect is visible. Allowed labels and definitions:
- color: A localized region has an abnormal colour or tone.
- cut: A sharp incision or sliced region interrupts the texture.
- fold: The surface is creased or folded out of its normal plane.
- glue: A localized glue deposit changes the surface appearance.
- poke: A small puncture-like indentation or opening is visible.
Five labelled validation support images are attached first in this order: 1) color; 2) cut; 3) fold; 4) glue; 5) poke. The final attached image is the query. Use the support images as examples, but decide from visible evidence in the final query image. Set is_defective to false only when defect_name is ""good""; otherwise set it to true. Return only a JSON object with keys is_defective (true or false), defect_name, confidence (0 to 100), and evidence (one sentence about visible evidence).",GPT - 5.6 Terra,temperature = 0 & Reasoning = High,2026-10-05,"{""is_defective"":true,""defect_name"":""cut"",""confidence"":88,""evidence"":""A dark, elongated slit with a ragged bright edge interrupts the leather texture near the lower center.""}"
Q4,D3,../../data/MVTec/tile/test/crack/000.png;../../data/MVTec/tile/test/glue_strip/000.png;../../data/MVTec/tile/test/gray_stroke/000.png;../../data/MVTec/tile/test/oil/000.png;../../data/MVTec/tile/test/rough/000.png;../../data/MVTec/tile/test/crack/001.png,crack,true,98,"Several dark, narrow fracture-like lines cross the tile and meet near the center.","Assess the attached tile surface query. Choose exactly one label from the allowed labels below, or ""good"" if no defect is visible. Allowed labels and definitions:
- crack: A narrow fracture-like line crosses the material surface.
- glue_strip: An elongated strip of adhesive lies on the tile.
- gray_stroke: A grey linear mark appears across the tile.
- oil: An oily region changes colour or reflectance.
- rough: A localized patch is visibly rougher than normal.
Five labelled validation support images are attached first in this order: 1) crack; 2) glue_strip; 3) gray_stroke; 4) oil; 5) rough. The final attached image is the query. Use the support images as examples, but decide from visible evidence in the final query image. Set is_defective to false only when defect_name is ""good""; otherwise set it to true. Return only a JSON object with keys is_defective (true or false), defect_name, confidence (0 to 100), and evidence (one sentence about visible evidence).",GPT - 5.6 Terra,temperature = 0 & Reasoning = High,2026-10-05,"{""is_defective"":true,""defect_name"":""crack"",""confidence"":98,""evidence"":""Several dark, narrow fracture-like lines cross the tile and meet near the center.""}"
Q5,D3,../../data/MVTec/wood/test/color/000.png;../../data/MVTec/wood/test/combined/000.png;../../data/MVTec/wood/test/hole/000.png;../../data/MVTec/wood/test/liquid/000.png;../../data/MVTec/wood/test/scratch/000.png;../../data/MVTec/wood/test/scratch/001.png,scratch,true,82,"A long, narrow, pale abrasion runs vertically across the wood surface.","Assess the attached wood surface query. Choose exactly one label from the allowed labels below, or ""good"" if no defect is visible. Allowed labels and definitions:
- color: A localized region has an abnormal colour or tone.
- combined: More than one defect mechanism appears in the same image.
- hole: Material is missing in a compact hole-like region.
- liquid: A liquid stain changes colour or reflectance locally.
- scratch: A thin elongated abrasion crosses the surface.
Five labelled validation support images are attached first in this order: 1) color; 2) combined; 3) hole; 4) liquid; 5) scratch. The final attached image is the query. Use the support images as examples, but decide from visible evidence in the final query image. Set is_defective to false only when defect_name is ""good""; otherwise set it to true. Return only a JSON object with keys is_defective (true or false), defect_name, confidence (0 to 100), and evidence (one sentence about visible evidence).",GPT - 5.6 Terra,temperature = 0 & Reasoning = High,2026-10-05,"{""is_defective"":true,""defect_name"":""scratch"",""confidence"":82,""evidence"":""A long, narrow, pale abrasion runs vertically across the wood surface.""}"
